{
  "mesh_info": {
    "num_vertices": 32,
    "num_edges": 90,
    "num_triangles": 60,
    "bounding_box": {
      "min": [
        -0.05460000038146973,
        -0.03500000000000003,
        -0.010499999523162842
      ],
      "max": [
        0.05460000038146973,
        0.03500000000000003,
        0.010499999523162842
      ],
      "center": [
        0.0,
        0.005424999855458773,
        0.0
      ],
      "size": [
        0.10920000076293945,
        0.07000000000000006,
        0.020999999046325685
      ]
    },
    "has_normals": true,
    "has_colors": false,
    "is_watertight": true,
    "is_orientable": true
  },
  "vertices": [
    [
      0.010499999523162842,
      -0.03500000000000003,
      -0.010499999523162842
    ],
    [
      0.010499999523162842,
      -0.011900000572204528,
      -0.010499999523162842
    ],
    [
      0.010499999523162842,
      -0.03500000000000003,
      0.010499999523162842
    ],
    [
      0.010499999523162842,
      -0.011900000572204528,
      0.010499999523162842
    ],
    [
      -0.010499999523162842,
      -0.03500000000000003,
      -0.010499999523162842
    ],
    [
      -0.010499999523162842,
      -0.03500000000000003,
      0.010499999523162842
    ],
    [
      -0.010499999523162842,
      -0.011900000572204528,
      -0.010499999523162842
    ],
    [
      -0.010499999523162842,
      -0.011900000572204528,
      0.010499999523162842
    ],
    [
      -0.05460000038146973,
      -0.011900000572204528,
      -0.010499999523162842
    ],
    [
      -0.05460000038146973,
      -0.011900000572204528,
      0.010499999523162842
    ],
    [
      -0.05460000038146973,
      0.03500000000000003,
      -0.010499999523162842
    ],
    [
      -0.05460000038146973,
      0.03500000000000003,
      0.010499999523162842
    ],
    [
      -0.04059999942779541,
      0.03500000000000003,
      -0.010499999523162842
    ],
    [
      -0.04059999942779541,
      0.03500000000000003,
      0.010499999523162842
    ],
    [
      -0.04059999942779541,
      -0.0014000000059604112,
      -0.010499999523162842
    ],
    [
      -0.04059999942779541,
      -0.0014000000059604112,
      0.010499999523162842
    ],
    [
      -0.010499999523162842,
      -0.0014000000059604112,
      -0.010499999523162842
    ],
    [
      -0.010499999523162842,
      -0.0014000000059604112,
      0.010499999523162842
    ],
    [
      -0.010499999523162842,
      0.03500000000000003,
      -0.010499999523162842
    ],
    [
      -0.010499999523162842,
      0.03500000000000003,
      0.010499999523162842
    ],
    [
      0.010499999523162842,
      0.03500000000000003,
      -0.010499999523162842
    ],
    [
      0.010499999523162842,
      0.03500000000000003,
      0.010499999523162842
    ],
    [
      0.010499999523162842,
      -0.0014000000059604112,
      -0.010499999523162842
    ],
    [
      0.010499999523162842,
      -0.0014000000059604112,
      0.010499999523162842
    ],
    [
      0.04059999942779541,
      -0.0014000000059604112,
      -0.010499999523162842
    ],
    [
      0.04059999942779541,
      -0.0014000000059604112,
      0.010499999523162842
    ],
    [
      0.04059999942779541,
      0.03500000000000003,
      -0.010499999523162842
    ],
    [
      0.04059999942779541,
      0.03500000000000003,
      0.010499999523162842
    ],
    [
      0.05460000038146973,
      0.03500000000000003,
      -0.010499999523162842
    ],
    [
      0.05460000038146973,
      0.03500000000000003,
      0.010499999523162842
    ],
    [
      0.05460000038146973,
      -0.011900000572204528,
      -0.010499999523162842
    ],
    [
      0.05460000038146973,
      -0.011900000572204528,
      0.010499999523162842
    ]
  ],
  "edges": [
    [
      0,
      1
    ],
    [
      1,
      2
    ],
    [
      0,
      2
    ],
    [
      1,
      3
    ],
    [
      2,
      3
    ],
    [
      0,
      4
    ],
    [
      0,
      5
    ],
    [
      4,
      5
    ],
    [
      2,
      5
    ],
    [
      4,
      6
    ],
    [
      4,
      7
    ],
    [
      6,
      7
    ],
    [
      5,
      7
    ],
    [
      6,
      8
    ],
    [
      6,
      9
    ],
    [
      8,
      9
    ],
    [
      7,
      9
    ],
    [
      8,
      10
    ],
    [
      8,
      11
    ],
    [
      10,
      11
    ],
    [
      9,
      11
    ],
    [
      10,
      12
    ],
    [
      10,
      13
    ],
    [
      12,
      13
    ],
    [
      11,
      13
    ],
    [
      12,
      14
    ],
    [
      12,
      15
    ],
    [
      14,
      15
    ],
    [
      13,
      15
    ],
    [
      14,
      16
    ],
    [
      14,
      17
    ],
    [
      16,
      17
    ],
    [
      15,
      17
    ],
    [
      16,
      18
    ],
    [
      16,
      19
    ],
    [
      18,
      19
    ],
    [
      17,
      19
    ],
    [
      18,
      20
    ],
    [
      18,
      21
    ],
    [
      20,
      21
    ],
    [
      19,
      21
    ],
    [
      20,
      22
    ],
    [
      20,
      23
    ],
    [
      22,
      23
    ],
    [
      21,
      23
    ],
    [
      22,
      24
    ],
    [
      22,
      25
    ],
    [
      24,
      25
    ],
    [
      23,
      25
    ],
    [
      24,
      26
    ],
    [
      24,
      27
    ],
    [
      26,
      27
    ],
    [
      25,
      27
    ],
    [
      26,
      28
    ],
    [
      26,
      29
    ],
    [
      28,
      29
    ],
    [
      27,
      29
    ],
    [
      28,
      30
    ],
    [
      28,
      31
    ],
    [
      30,
      31
    ],
    [
      29,
      31
    ],
    [
      1,
      30
    ],
    [
      3,
      30
    ],
    [
      3,
      31
    ],
    [
      25,
      31
    ],
    [
      3,
      25
    ],
    [
      3,
      23
    ],
    [
      7,
      23
    ],
    [
      3,
      7
    ],
    [
      17,
      23
    ],
    [
      7,
      17
    ],
    [
      7,
      15
    ],
    [
      25,
      29
    ],
    [
      17,
      21
    ],
    [
      11,
      15
    ],
    [
      9,
      15
    ],
    [
      3,
      5
    ],
    [
      24,
      30
    ],
    [
      24,
      28
    ],
    [
      1,
      24
    ],
    [
      1,
      22
    ],
    [
      1,
      6
    ],
    [
      6,
      22
    ],
    [
      6,
      16
    ],
    [
      16,
      22
    ],
    [
      6,
      14
    ],
    [
      8,
      14
    ],
    [
      10,
      14
    ],
    [
      1,
      4
    ],
    [
      16,
      20
    ]
  ],
  "format": "vector_relation",
  "description": "Wireframe data with vertices and edge connections"
}