{
  "mesh_info": {
    "num_vertices": 60,
    "num_edges": 174,
    "num_triangles": 116,
    "bounding_box": {
      "min": [
        -0.008082889914512633,
        -0.03500000000000003,
        -0.007007650136947632
      ],
      "max": [
        0.008082889914512633,
        0.03500000000000003,
        0.007007650136947632
      ],
      "center": [
        -6.649773324577761e-19,
        -0.012249999970197711,
        -1.3733227518149722e-19
      ],
      "size": [
        0.016165779829025267,
        0.07000000000000006,
        0.014015300273895264
      ]
    },
    "has_normals": true,
    "has_colors": false,
    "is_watertight": true,
    "is_orientable": true
  },
  "vertices": [
    [
      0.004028170108795165,
      -0.003499999940395404,
      0.007007650136947632
    ],
    [
      0.004546630084514617,
      -0.003499999940395404,
      0.0026249998807907106
    ],
    [
      0.008082889914512633,
      -0.003499999940395404,
      1.5330000314861537e-05
    ],
    [
      0.005071110129356384,
      -0.003499999940395404,
      0.001358799934387207
    ],
    [
      0.00524999976158142,
      -0.003499999940395404,
      0.0
    ],
    [
      -0.004054720103740693,
      -0.003499999940395404,
      0.006992319822311402
    ],
    [
      -8.673617379884035e-19,
      -0.003499999940395404,
      0.005249999761581421
    ],
    [
      0.0013587999343872064,
      -0.003499999940395404,
      0.005071110129356384
    ],
    [
      0.0026249998807907097,
      -0.003499999940395404,
      0.004546630084514618
    ],
    [
      -0.008082889914512633,
      -0.003499999940395404,
      -1.5330000314861537e-05
    ],
    [
      -0.004546630084514619,
      -0.003499999940395404,
      0.0026249998807907106
    ],
    [
      -0.0037123098969459537,
      -0.003499999940395404,
      0.0037123098969459533
    ],
    [
      -0.0026249998807907123,
      -0.003499999940395404,
      0.004546630084514618
    ],
    [
      -0.004028170108795167,
      -0.003499999940395404,
      -0.007007650136947632
    ],
    [
      -0.004546630084514619,
      -0.003499999940395404,
      -0.0026249998807907106
    ],
    [
      -0.005071110129356385,
      -0.003499999940395404,
      -0.001358799934387207
    ],
    [
      -0.005249999761581421,
      -0.003499999940395404,
      0.0
    ],
    [
      0.004054720103740691,
      -0.003499999940395404,
      -0.006992319822311402
    ],
    [
      -8.673617379884035e-19,
      -0.003499999940395404,
      -0.005249999761581421
    ],
    [
      -0.0013587999343872073,
      -0.003499999940395404,
      -0.005071110129356384
    ],
    [
      -0.0026249998807907123,
      -0.003499999940395404,
      -0.004546630084514618
    ],
    [
      0.004546630084514617,
      -0.003499999940395404,
      -0.0026249998807907106
    ],
    [
      0.003712309896945952,
      -0.003499999940395404,
      -0.0037123098969459533
    ],
    [
      0.0026249998807907097,
      -0.003499999940395404,
      -0.004546630084514618
    ],
    [
      -0.005071110129356385,
      -0.003499999940395404,
      0.001358799934387207
    ],
    [
      -0.0013587999343872073,
      -0.003499999940395404,
      0.005071110129356384
    ],
    [
      0.003712309896945952,
      -0.003499999940395404,
      0.0037123098969459533
    ],
    [
      0.005071110129356384,
      -0.003499999940395404,
      -0.001358799934387207
    ],
    [
      0.0013587999343872064,
      -0.003499999940395404,
      -0.005071110129356384
    ],
    [
      -0.0037123098969459537,
      -0.003499999940395404,
      -0.0037123098969459533
    ],
    [
      -0.004054720103740693,
      0.03500000000000003,
      0.006992319822311402
    ],
    [
      0.004028170108795165,
      0.03500000000000003,
      0.007007650136947632
    ],
    [
      -0.008082889914512633,
      0.03500000000000003,
      -1.5330000314861537e-05
    ],
    [
      -0.004028170108795167,
      0.03500000000000003,
      -0.007007650136947632
    ],
    [
      0.004054720103740691,
      0.03500000000000003,
      -0.006992319822311402
    ],
    [
      0.008082889914512633,
      0.03500000000000003,
      1.5330000314861537e-05
    ],
    [
      -0.005071110129356385,
      -0.03500000000000003,
      0.001358799934387207
    ],
    [
      -0.005249999761581421,
      -0.03500000000000003,
      0.0
    ],
    [
      -0.005071110129356385,
      -0.03500000000000003,
      -0.001358799934387207
    ],
    [
      -0.004546630084514619,
      -0.03500000000000003,
      -0.0026249998807907106
    ],
    [
      -0.0037123098969459537,
      -0.03500000000000003,
      -0.0037123098969459533
    ],
    [
      -0.0026249998807907123,
      -0.03500000000000003,
      -0.004546630084514618
    ],
    [
      -0.0013587999343872073,
      -0.03500000000000003,
      -0.005071110129356384
    ],
    [
      -8.673617379884035e-19,
      -0.03500000000000003,
      -0.005249999761581421
    ],
    [
      0.0013587999343872064,
      -0.03500000000000003,
      -0.005071110129356384
    ],
    [
      0.0026249998807907097,
      -0.03500000000000003,
      -0.004546630084514618
    ],
    [
      0.003712309896945952,
      -0.03500000000000003,
      -0.0037123098969459533
    ],
    [
      0.004546630084514617,
      -0.03500000000000003,
      -0.0026249998807907106
    ],
    [
      0.005071110129356384,
      -0.03500000000000003,
      -0.001358799934387207
    ],
    [
      0.00524999976158142,
      -0.03500000000000003,
      0.0
    ],
    [
      0.005071110129356384,
      -0.03500000000000003,
      0.001358799934387207
    ],
    [
      0.004546630084514617,
      -0.03500000000000003,
      0.0026249998807907106
    ],
    [
      0.003712309896945952,
      -0.03500000000000003,
      0.0037123098969459533
    ],
    [
      0.0026249998807907097,
      -0.03500000000000003,
      0.004546630084514618
    ],
    [
      0.0013587999343872064,
      -0.03500000000000003,
      0.005071110129356384
    ],
    [
      -8.673617379884035e-19,
      -0.03500000000000003,
      0.005249999761581421
    ],
    [
      -0.0013587999343872073,
      -0.03500000000000003,
      0.005071110129356384
    ],
    [
      -0.0026249998807907123,
      -0.03500000000000003,
      0.004546630084514618
    ],
    [
      -0.0037123098969459537,
      -0.03500000000000003,
      0.0037123098969459533
    ],
    [
      -0.004546630084514619,
      -0.03500000000000003,
      0.0026249998807907106
    ]
  ],