{
  "mesh_info": {
    "num_vertices": 12,
    "num_edges": 30,
    "num_triangles": 20,
    "bounding_box": {
      "min": [
        -0.012949999570846558,
        -0.07,
        -0.012949999570846558
      ],
      "max": [
        0.012949999570846558,
        0.07,
        0.012949999570846558
      ],
      "center": [
        -2.8912057932946783e-19,
        0.0,
        0.0
      ],
      "size": [
        0.025899999141693116,
        0.14,
        0.025899999141693116
      ]
    },
    "has_normals": true,
    "has_colors": false,
    "is_watertight": true,
    "is_orientable": true
  },
  "vertices": [
    [
      -0.012949999570846558,
      -0.07,
      -0.012949999570846558
    ],
    [
      0.012949999570846558,
      -0.07,
      -0.012949999570846558
    ],
    [
      -0.012949999570846558,
      -0.07,
      0.012949999570846558
    ],
    [
      0.012949999570846558,
      -0.07,
      0.012949999570846558
    ],
    [
      -0.012949999570846558,
      0.07,
      -0.012949999570846558
    ],
    [
      -0.012949999570846558,
      0.0,
      -0.012949999570846558
    ],
    [
      -0.012949999570846558,
      0.07,
      0.012949999570846558
    ],
    [
      -0.012949999570846558,
      0.0,
      0.012949999570846558
    ],
    [
      0.012949999570846558,
      0.07,
      -0.012949999570846558
    ],
    [
      0.012949999570846558,
      0.07,
      0.012949999570846558
    ],
    [
      0.012949999570846558,
      0.0,
      -0.012949999570846558
    ],
    [
      0.012949999570846558,
      0.0,
      0.012949999570846558
    ]
  ],
  "edges": [
    [
      0,
      1
    ],
    [
      1,
      2
    ],
    [
      0,
      2
    ],
    [
      1,
      3
    ],
    [
      2,
      3
    ],
    [
      4,
      5
    ],
    [
      5,
      6
    ],
    [
      4,
      6
    ],
    [
      5,
      7
    ],
    [
      6,
      7
    ],
    [
      0,
      5
    ],
    [
      0,
      7
    ],
    [
      2,
      7
    ],
    [
      4,
      8
    ],
    [
      4,
      9
    ],
    [
      8,
      9
    ],
    [
      6,
      9
    ],
    [
      1,
      10
    ],
    [
      3,
      10
    ],
    [
      10,
      11
    ],
    [
      3,
      11
    ],
    [
      8,
      10
    ],
    [
      8,
      11
    ],
    [
      9,
      11
    ],
    [
      3,
      7
    ],
    [
      7,
      11
    ],
    [
      6,
      11
    ],
    [
      5,
      8
    ],
    [
      5,
      10
    ],
    [
      0,
      10
    ]
  ],
  "format": "vector_relation",
  "description": "Wireframe data with vertices and edge connections"
}