{
  "mesh_info": {
    "num_vertices": 16,
    "num_edges": 42,
    "num_triangles": 28,
    "bounding_box": {
      "min": [
        -0.035,
        -0.03499999999999992,
        -0.010499999523162842
      ],
      "max": [
        0.035,
        0.03500000000000003,
        0.010499999523162842
      ],
      "center": [
        0.0,
        -0.006125000119209217,
        0.0
      ],
      "size": [
        0.07,
        0.06999999999999995,
        0.020999999046325685
      ]
    },
    "has_normals": true,
    "has_colors": false,
    "is_watertight": true,
    "is_orientable": true
  },
  "vertices": [
    [
      0.035,
      -0.03499999999999992,
      -0.010499999523162842
    ],
    [
      0.035,
      0.03500000000000003,
      -0.010499999523162842
    ],
    [
      0.035,
      -0.03499999999999992,
      0.010499999523162842
    ],
    [
      0.035,
      0.03500000000000003,
      0.010499999523162842
    ],
    [
      0.013999999761581422,
      -0.03499999999999992,
      -0.010499999523162842
    ],
    [
      0.013999999761581422,
      -0.03499999999999992,
      0.010499999523162842
    ],
    [
      0.013999999761581422,
      0.01049999952316294,
      -0.010499999523162842
    ],
    [
      0.013999999761581422,
      0.01049999952316294,
      0.010499999523162842
    ],
    [
      -0.013999999761581422,
      0.01049999952316294,
      -0.010499999523162842
    ],
    [
      -0.013999999761581422,
      0.01049999952316294,
      0.010499999523162842
    ],
    [
      -0.013999999761581422,
      -0.03499999999999992,
      -0.010499999523162842
    ],
    [
      -0.013999999761581422,
      -0.03499999999999992,
      0.010499999523162842
    ],
    [
      -0.035,
      -0.03499999999999992,
      -0.010499999523162842
    ],
    [
      -0.035,
      -0.03499999999999992,
      0.010499999523162842
    ],
    [
      -0.035,
      0.03500000000000003,
      -0.010499999523162842
    ],
    [
      -0.035,
      0.03500000000000003,
      0.010499999523162842
    ]
  ],
  "edges": [
    [
      0,
      1
    ],
    [
      1,
      2
    ],
    [
      0,
      2
    ],
    [
      1,
      3
    ],
    [
      2,
      3
    ],
    [
      0,
      4
    ],
    [
      0,
      5
    ],
    [
      4,
      5
    ],
    [
      2,
      5
    ],
    [
      4,
      6
    ],
    [
      4,
      7
    ],
    [
      6,
      7
    ],
    [
      5,
      7
    ],
    [
      6,
      8
    ],
    [
      6,
      9
    ],
    [
      8,
      9
    ],
    [
      7,
      9
    ],
    [
      8,
      10
    ],
    [
      8,
      11
    ],
    [
      10,
      11
    ],
    [
      9,
      11
    ],
    [
      10,
      12
    ],
    [
      10,
      13
    ],
    [
      12,
      13
    ],
    [
      11,
      13
    ],
    [
      12,
      14
    ],
    [
      12,
      15
    ],
    [
      14,
      15
    ],
    [
      13,
      15
    ],
    [
      1,
      14
    ],
    [
      3,
      14
    ],
    [
      3,
      15
    ],
    [
      3,
      7
    ],
    [
      2,
      7
    ],
    [
      7,
      15
    ],
    [
      9,
      15
    ],
    [
      9,
      13
    ],
    [
      8,
      14
    ],
    [
      8,
      12
    ],
    [
      1,
      8
    ],
    [
      1,
      6
    ],
    [
      0,
      6
    ]
  ],
  "format": "vector_relation",
  "description": "Wireframe data with vertices and edge connections"
}