{
  "mesh_info": {
    "num_vertices": 81,
    "num_edges": 237,
    "num_triangles": 158,
    "bounding_box": {
      "min": [
        -0.08050000190734863,
        -0.08050000190734863,
        -0.01750000000000007
      ],
      "max": [
        0.08050000190734863,
        0.08050000190734863,
        0.01749999999999996
      ],
      "center": [
        0.0,
        -1.3706457094137734e-18,
        0.005660493756517906
      ],
      "size": [
        0.16100000381469726,
        0.16100000381469726,
        0.03500000000000003
      ]
    },
    "has_normals": true,
    "has_colors": false,
    "is_watertight": true,
    "is_orientable": true
  },
  "vertices": [
    [
      -0.01434999942779541,
      0.01190000057220459,
      0.01749999999999996
    ],
    [
      -0.057750000953674316,
      0.01190000057220459,
      0.01749999999999996
    ],
    [
      -0.01434999942779541,
      0.01190000057220459,
      0.010499999523162828
    ],
    [
      -0.057750000953674316,
      0.01190000057220459,
      -0.013999999761581505
    ],
    [
      -0.012949999570846558,
      0.01190000057220459,
      -0.013999999761581505
    ],
    [
      -0.012949999570846558,
      0.01190000057220459,
      0.010499999523162828
    ],
    [
      -0.012949999570846558,
      -0.01190000057220459,
      0.010499999523162828
    ],
    [
      -0.012949999570846558,
      -0.01190000057220459,
      -0.013999999761581505
    ],
    [
      -0.057750000953674316,
      -0.01190000057220459,
      0.01749999999999996
    ],
    [
      -0.057750000953674316,
      -0.01190000057220459,
      -0.013999999761581505
    ],
    [
      -0.01434999942779541,
      -0.01190000057220459,
      0.01749999999999996
    ],
    [
      -0.01434999942779541,
      -0.01190000057220459,
      0.010499999523162828
    ],
    [
      0.01434999942779541,
      -0.01190000057220459,
      0.01749999999999996
    ],
    [
      0.057750000953674316,
      -0.01190000057220459,
      0.01749999999999996
    ],
    [
      0.01434999942779541,
      -0.01190000057220459,
      0.010499999523162828
    ],
    [
      0.057750000953674316,
      -0.01190000057220459,
      -0.013999999761581505
    ],
    [
      0.012949999570846558,
      -0.01190000057220459,
      -0.013999999761581505
    ],
    [
      0.012949999570846558,
      -0.01190000057220459,
      0.010499999523162828
    ],
    [
      0.012949999570846558,
      0.01190000057220459,
      0.010499999523162828
    ],
    [
      0.012949999570846558,
      0.01190000057220459,
      -0.013999999761581505
    ],
    [
      0.057750000953674316,
      0.01190000057220459,
      0.01749999999999996
    ],
    [
      0.057750000953674316,
      0.01190000057220459,
      -0.013999999761581505
    ],
    [
      0.01434999942779541,
      0.01190000057220459,
      0.01749999999999996
    ],
    [
      0.01434999942779541,
      0.01190000057220459,
      0.010499999523162828
    ],
    [
      -0.01434999942779541,
      -0.03569999933242798,
      0.01749999999999996
    ],
    [
      -0.01434999942779541,
      -0.03569999933242798,
      0.010499999523162828
    ],
    [
      -0.01434999942779541,
      0.03569999933242798,
      0.010499999523162828
    ],
    [
      -0.01434999942779541,
      0.03569999933242798,
      0.01749999999999996
    ],
    [
      0.01434999942779541,
      0.03569999933242798,
      0.010499999523162828
    ],
    [
      0.01434999942779541,
      -0.03569999933242798,
      0.010499999523162828
    ],
    [
      0.01434999942779541,
      0.03569999933242798,
      0.01749999999999996
    ],
    [
      0.01434999942779541,
      -0.03569999933242798,
      0.01749999999999996
    ],
    [
      0.03639999866485596,
      0.03569999933242798,
      0.01749999999999996
    ],
    [
      0.03639999866485596,
      0.03569999933242798,
      -0.013999999761581505
    ],
    [
      -0.03639999866485596,
      0.03569999933242798,
      -0.013999999761581505
    ],
    [
      -0.03639999866485596,
      0.03569999933242798,
      0.01749999999999996
    ],
    [
      0.03639999866485596,
      0.05949999809265137,
      0.01749999999999996
    ],
    [
      0.03639999866485596,
      0.05949999809265137,
      -0.013999999761581505
    ],
    [
      0.01434999942779541,
      0.05949999809265137,
      0.01749999999999996
    ],
    [
      0.01434999942779541,
      0.05949999809265137,
      0.010499999523162828
    ],
    [
      -0.01434999942779541,
      0.05949999809265137,
      0.010499999523162828
    ],
    [
      -0.03639999866485596,
      0.05949999809265137,
      -0.013999999761581505
    ],
    [
      -0.03639999866485596,
      0.05949999809265137,
      0.01749999999999996
    ],
    [
      -0.01434999942779541,
      0.05949999809265137,
      0.01749999999999996
    ],
    [
      0.01434999942779541,
      -0.05949999809265137,
      0.01749999999999996
    ],
    [
      0.03639999866485596,
      -0.05949999809265137,
      0.01749999999999996
    ],
    [
      0.01434999942779541,
      -0.05949999809265137,
      0.010499999523162828
    ],
    [
      0.03639999866485596,
      -0.05949999809265137,
      -0.013999999761581505
    ],
    [
      -0.03639999866485596,
      -0.05949999809265137,
      -0.013999999761581505
    ],
    [
      -0.01434999942779541,
      -0.05949999809265137,
      0.010499999523162828
    ],
    [
      -0.03639999866485596,
      -0.05949999809265137,
      0.01749999999999996
    ],
    [
      -0.01434999942779541,
      -0.05949999809265137,
      0.01749999999999996
    ],
    [
      0.03639999866485596,
      -0.03569999933242798,
      0.01749999999999996
    ],
    [
      0.03639999866485596,
      -0.03569999933242798,
      -0.013999999761581505
    ],
    [
      -0.03639999866485596,
      -0.03569999933242798,
      -0.013999999761581505
    ],
    [
      -0.03639999866485596,
      -0.03569999933242798,
      0.01749999999999996
    ],
    [
      0.01434999942779541,
      -0.07139999866485595,
      0.010499999523162828
    ],
    [
      0.01434999942779541,
      -0.07139999866485595,
      0.01749999999999996
    ],
    [
      0.01434999942779541,
      0.07139999866485595,
      0.01749999999999996
    ],
    [
      0.01434999942779541,
      0.07139999866485595,
      0.010499999523162828
    ],
    [
      -0.01434999942779541,
      -0.07139999866485595,
      0.010499999523162828
    ],
    [
      -0.01434999942779541,
      0.07139999866485595,
      0.010499999523162828
    ],
    [
      -0.01434999942779541,
      -0.07139999866485595,
      0.01749999999999996
    ],
    [
      -0.01434999942779541,
      0.07139999866485595,
      0.01749999999999996
    ],
    [
      0.08050000190734863,
      -0.08050000190734863,
      -0.01750000000000007
    ],
    [
      0.08050000190734863,
      0.0,
      -0.01750000000000007
    ],
    [
      0.08050000190734863,
      -0.08050000190734863,
      0.01749999999999996
    ],
    [
      0.08050000190734863,
      0.0,
      0.01749999999999996
    ],
    [
      0.08050000190734863,
      0.08050000190734863,
      -0.01750000000000007
    ],
    [
      0.08050000190734863,
      0.08050000190734863,
      0.01749999999999996
    ],
    [
      -0.08050000190734863,
      -0.08050000190734863,
      -0.01750000000000007
    ],
    [
      0.0,
      -0.08050000190734863,
      -0.01750000000000007
    ],
    [
      -0.08050000190734863,
      -0.08050000190734863,
      0.01749999999999996
    ],
    [
      0.0,
      -0.08050000190734863,
      0.01749999999999996
    ],
    [
      -0.08050000190734863,
      0.08050000190734863,
      -0.01750000000000007
    ],
    [
      -0.08050000190734863,
      0.0,
      -0.01750000000000007
    ],
    [
      -0.08050000190734863,
      0.08050000190734863,
      0.01749999999999996
    ],
    [
      -0.08050000190734863,
      0.0,
      0.01749999999999996
    ],
    [
