{
  "mesh_info": {
    "num_vertices": 98,
    "num_edges": 288,
    "num_triangles": 192,
    "bounding_box": {
      "min": [
        -0.08050000190734863,
        -0.08050000190734863,
        -0.01750000000000007
      ],
      "max": [
        0.08050000190734863,
        0.08050000190734863,
        0.01749999999999996
      ],
      "center": [
        5.664403186863043e-19,
        -0.0007250000019462757,
        0.008285714168937813
      ],
      "size": [
        0.16100000381469726,
        0.16100000381469726,
        0.03500000000000003
      ]
    },
    "has_normals": true,
    "has_colors": false,
    "is_watertight": true,
    "is_orientable": true
  },
  "vertices": [
    [
      0.03954999923706055,
      0.04760000228881836,
      0.010499999523162828
    ],
    [
      0.03954999923706055,
      0.02450000047683716,
      0.010499999523162828
    ],
    [
      0.03954999923706055,
      0.04760000228881836,
      0.0
    ],
    [
      0.03954999923706055,
      0.02450000047683716,
      0.0
    ],
    [
      0.03954999923706055,
      0.02450000047683716,
      0.01749999999999996
    ],
    [
      0.055650000572204594,
      0.02450000047683716,
      0.01749999999999996
    ],
    [
      0.055650000572204594,
      0.02450000047683716,
      0.0
    ],
    [
      0.055650000572204594,
      0.04760000228881836,
      0.01749999999999996
    ],
    [
      0.055650000572204594,
      0.04760000228881836,
      0.0
    ],
    [
      0.03954999923706055,
      0.04760000228881836,
      0.01749999999999996
    ],
    [
      -0.03954999923706055,
      -0.04760000228881836,
      0.010499999523162828
    ],
    [
      -0.03954999923706055,
      -0.02450000047683716,
      0.010499999523162828
    ],
    [
      -0.03954999923706055,
      -0.04760000228881836,
      0.0
    ],
    [
      -0.03954999923706055,
      -0.02450000047683716,
      0.0
    ],
    [
      -0.03954999923706055,
      -0.02450000047683716,
      0.01749999999999996
    ],
    [
      -0.055650000572204594,
      -0.02450000047683716,
      0.01749999999999996
    ],
    [
      -0.055650000572204594,
      -0.02450000047683716,
      0.0
    ],
    [
      -0.055650000572204594,
      -0.04760000228881836,
      0.01749999999999996
    ],
    [
      -0.055650000572204594,
      -0.04760000228881836,
      0.0
    ],
    [
      -0.03954999923706055,
      -0.04760000228881836,
      0.01749999999999996
    ],
    [
      0.03954999923706055,
      -0.02450000047683716,
      0.010499999523162828
    ],
    [
      0.03954999923706055,
      -0.04760000228881836,
      0.010499999523162828
    ],
    [
      0.03954999923706055,
      -0.02450000047683716,
      0.0
    ],
    [
      0.03954999923706055,
      -0.04760000228881836,
      0.0
    ],
    [
      0.03954999923706055,
      -0.04760000228881836,
      0.01749999999999996
    ],
    [
      0.055650000572204594,
      -0.04760000228881836,
      0.01749999999999996
    ],
    [
      0.055650000572204594,
      -0.04760000228881836,
      0.0
    ],
    [
      0.055650000572204594,
      -0.02450000047683716,
      0.01749999999999996
    ],
    [
      0.055650000572204594,
      -0.02450000047683716,
      0.0
    ],
    [
      0.03954999923706055,
      -0.02450000047683716,
      0.01749999999999996
    ],
    [
      -0.03954999923706055,
      0.02450000047683716,
      0.010499999523162828
    ],
    [
      -0.03954999923706055,
      0.04760000228881836,
      0.010499999523162828
    ],
    [
      -0.03954999923706055,
      0.02450000047683716,
      0.0
    ],
    [
      -0.03954999923706055,
      0.04760000228881836,
      0.0
    ],
    [
      -0.03954999923706055,
      0.04760000228881836,
      0.01749999999999996
    ],
    [
      -0.055650000572204594,
      0.04760000228881836,
      0.01749999999999996
    ],
    [
      -0.055650000572204594,
      0.04760000228881836,
      0.0
    ],
    [
      -0.055650000572204594,
      0.02450000047683716,
      0.01749999999999996
    ],
    [
      -0.055650000572204594,
      0.02450000047683716,
      0.0
    ],
    [
      -0.03954999923706055,
      0.02450000047683716,
      0.01749999999999996
    ],
    [
      -0.011549999713897705,
      0.04760000228881836,
      0.010499999523162828
    ],
    [
      -0.011549999713897705,
      0.02450000047683716,
      0.010499999523162828
    ],
    [
      -0.011549999713897705,
      0.04760000228881836,
      0.0
    ],
    [
      -0.011549999713897705,
      0.02450000047683716,
      0.0
    ],
    [
      -0.011549999713897705,
      0.02450000047683716,
      0.01749999999999996
    ],
    [
      0.011549999713897705,
      0.02450000047683716,
      0.01749999999999996
    ],
    [
      0.011549999713897705,
      0.02450000047683716,
      0.010499999523162828
    ],
    [
      0.011549999713897705,
      0.02450000047683716,
      0.0
    ],
    [
      0.011549999713897705,
      0.04760000228881836,
      0.010499999523162828
    ],
    [
      0.011549999713897705,
      0.04760000228881836,
      0.0
    ],
    [
      0.011549999713897705,
      0.04760000228881836,
      0.01749999999999996
    ],
    [
      -0.011549999713897705,
      0.04760000228881836,
      0.01749999999999996
    ],
    [
      -0.011549999713897705,
      -0.02450000047683716,
      0.010499999523162828
    ],
    [
      -0.011549999713897705,
      -0.04760000228881836,
      0.010499999523162828
    ],
    [
      -0.011549999713897705,
      -0.02450000047683716,
      0.0
    ],
    [
      -0.011549999713897705,
      -0.04760000228881836,
      0.0
    ],
    [
      -0.011549999713897705,
      -0.04760000228881836,
      0.01749999999999996
    ],
    [
      0.011549999713897705,
      -0.04760000228881836,
      0.01749999999999996
    ],
    [
      0.011549999713897705,
      -0.04760000228881836,
      0.010499999523162828
    ],
    [
      0.011549999713897705,
      -0.04760000228881836,
      0.0
    ],
    [
      0.011549999713897705,
      -0.02450000047683716,
      0.010499999523162828
    ],
    [
      0.011549999713897705,
      -0.02450000047683716,
      0.0
    ],
    [
      0.011549999713897705,
      -0.02450000047683716,
      0.01749999999999996
    ],
    [
      -0.011549999713897705,
      -0.02450000047683716,
      0.01749999999999996
    ],
    [
      0.03954999923706055,
      -0.07105000019073486,
      0.010499999523162828
    ],
    [
      0.03954999923706055,
      -0.07105000019073486,
      0.01749999999999996
    ],
    [
      0.03954999923706055,
      0.07105000019073486,
      0.01749999999999996
    ],
    [
      0.03954999923706055,
      0.07105000019073486,
      0.010499999523162828
    ],
    [
      -0.03954999923706055,
      0.07105000019073486,
      0.010499999523162828
    ],
    [
      -0.03954999923706055,
      0.07105000019073486,
      0.01749999999999996
    ],
    [
      -0.03954999923706055,
      -0.07105000019073486,
      0.01749999999999996
    ],
    [
      -0.03954999923706055,
      -0.07105000019073486,
      0.010499999523162828
    ],
    [
      0.011549999713897705,
      -0.07105000019073486,
      0.01749999999999996
    ],
    [
      0.011549999713897705,
      -0.07105000019073486,
      0.010499999523162828
    ],
    [
      0.011549999713897705,
      0.07105000019073486,
      0.010499999523162828
    ],
    [
      0.011549999713897705,
      0.07105000019073486,
      0.01749999999999996
    ],
    [
      -0.011549999713897705,
      -0.07105000019073486,
      0.010499999523162828
    ],
    [
      -0.011549999713897705,
      -0.07105000019073486,
      0.01749999999999996
    ],
    [
      -0.011549999713897705,
      0.07105000019073486,
      0.01749999999999996
    ],
    [
      -0.011549999713897705,
      0.07105000019073486,
      0.010499999523162828
    ],
    [
      -0.08050000190734863,
      -0.08050000190734863,
      -0.01750000000000007
    ],
