{
  "mesh_info": {
    "num_vertices": 24,
    "num_edges": 66,
    "num_triangles": 44,
    "bounding_box": {
      "min": [
        -0.05635000228881836,
        -0.03500000000000003,
        -0.010499999523162842
      ],
      "max": [
        0.05635000228881836,
        0.034999999999999976,
        0.010499999523162842
      ],
      "center": [
        1.734723475976807e-18,
        0.00443333337704339,
        0.0
      ],
      "size": [
        0.11270000457763672,
        0.07,
        0.020999999046325685
      ]
    },
    "has_normals": true,
    "has_colors": false,
    "is_watertight": true,
    "is_orientable": true
  },
  "vertices": [
    [
      -0.05635000228881836,
      0.0034999999403953486,
      -0.010499999523162842
    ],
    [
      -0.021349999904632568,
      0.0034999999403953486,
      -0.010499999523162842
    ],
    [
      -0.05635000228881836,
      0.0034999999403953486,
      0.010499999523162842
    ],
    [
      -0.021349999904632568,
      0.0034999999403953486,
      0.010499999523162842
    ],
    [
      -0.05635000228881836,
      0.034999999999999976,
      -0.010499999523162842
    ],
    [
      -0.05635000228881836,
      0.034999999999999976,
      0.010499999523162842
    ],
    [
      -0.01434999942779541,
      0.034999999999999976,
      -0.010499999523162842
    ],
    [
      -0.01434999942779541,
      0.034999999999999976,
      0.010499999523162842
    ],
    [
      -0.01434999942779541,
      -0.01539999961853028,
      -0.010499999523162842
    ],
    [
      -0.01434999942779541,
      -0.01539999961853028,
      0.010499999523162842
    ],
    [
      0.01434999942779541,
      -0.01539999961853028,
      -0.010499999523162842
    ],
    [
      0.01434999942779541,
      -0.01539999961853028,
      0.010499999523162842
    ],
    [
      0.01434999942779541,
      0.034999999999999976,
      -0.010499999523162842
    ],
    [
      0.01434999942779541,
      0.034999999999999976,
      0.010499999523162842
    ],
    [
      0.05635000228881836,
      0.034999999999999976,
      -0.010499999523162842
    ],
    [
      0.05635000228881836,
      0.034999999999999976,
      0.010499999523162842
    ],
    [
      0.05635000228881836,
      0.0034999999403953486,
      -0.010499999523162842
    ],
    [
      0.05635000228881836,
      0.0034999999403953486,
      0.010499999523162842
    ],
    [
      0.021349999904632568,
      0.0034999999403953486,
      -0.010499999523162842
    ],
    [
      0.021349999904632568,
      0.0034999999403953486,
      0.010499999523162842
    ],
    [
      0.021349999904632568,
      -0.03500000000000003,
      -0.010499999523162842
    ],
    [
      0.021349999904632568,
      -0.03500000000000003,
      0.010499999523162842
    ],
    [
      -0.021349999904632568,
      -0.03500000000000003,
      -0.010499999523162842
    ],
    [
      -0.021349999904632568,
      -0.03500000000000003,
      0.010499999523162842
    ]
  ],
  "edges": [
    [
      0,
      1
    ],
    [
      1,
      2
    ],
    [
      0,
      2
    ],
    [
      1,
      3
    ],
    [
      2,
      3
    ],
    [
      0,
      4
    ],
    [
      0,
      5
    ],
    [
      4,
      5
    ],
    [
      2,
      5
    ],
    [
      4,
      6
    ],
    [
      4,
      7
    ],
    [
      6,
      7
    ],
    [
      5,
      7
    ],
    [
      6,
      8
    ],
    [
      6,
      9
    ],
    [
      8,
      9
    ],
    [
      7,
      9
    ],
    [
      8,
      10
    ],
    [
      8,
      11
    ],
    [
      10,
      11
    ],
    [
      9,
      11
    ],
    [
      10,
      12
    ],
    [
      10,
      13
    ],
    [
      12,
      13
    ],
    [
      11,
      13
    ],
    [
      12,
      14
    ],
    [
      12,
      15
    ],
    [
      14,
      15
    ],
    [
      13,
      15
    ],
    [
      14,
      16
    ],
    [
      14,
      17
    ],
    [
      16,
      17
    ],
    [
      15,
      17
    ],
    [
      16,
      18
    ],
    [
      16,
      19
    ],
    [
      18,
      19
    ],
    [
      17,
      19
    ],
    [
      18,
      20
    ],
    [
      18,
      21
    ],
    [
      20,
      21
    ],
    [
      19,
      21
    ],
    [
      20,
      22
    ],
    [
      20,
      23
    ],
    [
      22,
      23
    ],
    [
      21,
      23
    ],
    [
      1,
      22
    ],
    [
      3,
      22
    ],
    [
      3,
      23
    ],
    [
      9,
      23
    ],
    [
      3,
      9
    ],
    [
      3,
      7
    ],
    [
      3,
      5
    ],
    [
      11,
      23
    ],
    [
      11,
      21
    ],
    [
      11,
      19
    ],
    [
      15,
      19
    ],
    [
      13,
      19
    ],
    [
      1,
      8
    ],
    [
      8,
      22
    ],
    [
      10,
      22
    ],
    [
      10,
      20
    ],
    [
      10,
      18
    ],
    [
      12,
      18
    ],
    [
      14,
      18
    ],
    [
      1,
      4
    ],
    [
      1,
      6
    ]
  ],
  "format": "vector_relation",
  "description": "Wireframe data with vertices and edge connections"
}