{
    "exported_at": "2025-11-26T23:52:36.408514",
    "model_file": "fork_orange_scaled70.obj",
    "total_markers": 6,
    "aruco_dictionary": "DICT_4X4_50",
    "size": 0.021,
    "border_width": 0.05,
    "cad_object_info": {
      "center": [
        0.0,
        0.0,
        0.0
      ],
      "dimensions": {
        "length": 0.10920000076293945,
        "width": 0.07000000000000006,
        "height": 0.020999999046325685
      }
    },
    "markers": [
      {
        "aruco_id": 0,
        "face_type": "right",
        "surface_normal": [
          -0.9999999900000002,
          0.0,
          0.0
        ],
        "in_plane_rotation_deg": 0.0,
        "T_marker_to_object": {
          "position": {
            "x": 8.576548122998408e-10,
            "y": 0.0,
            "z": -0.05460000038146972
          },
          "rotation": {
            "roll": 0.0,
            "pitch": -1.5707963110869332,
            "yaw": 0.0,
            "quaternion": {
              "x": 0.0,
              "y": -0.7071067756329438,
              "z": 0.0,
              "w": 0.7071067867401511
            }
          }
        }
      },
      {
        "aruco_id": 1,
        "face_type": "left",
        "surface_normal": [
          0.9999999900000002,
          0.0,
          0.0
        ],
        "in_plane_rotation_deg": 0.0,
        "T_marker_to_object": {
          "position": {
            "x": -8.576548122998408e-10,
            "y": 0.0,
            "z": -0.05460000038146972
          },
          "rotation": {
            "roll": -0.0,
            "pitch": 1.5707963110869332,
            "yaw": 0.0,
            "quaternion": {
              "x": 0.0,
              "y": 0.7071067756329438,
              "z": 0.0,
              "w": 0.7071067867401511
            }
          }
        }
      },
      {
        "aruco_id": 2,
        "face_type": "back",
        "surface_normal": [
          0.0,
          -0.9999999900000002,
          0.0
        ],
        "in_plane_rotation_deg": 180.0,
        "T_marker_to_object": {
          "position": {
            "x": 0.0,
            "y": 5.49778721992134e-10,
            "z": -0.035000000000000024
          },
          "rotation": {
            "roll": 1.5707963110869334,
            "pitch": 0.0,
            "yaw": 0.0,
            "quaternion": {
              "x": 0.7071067756329438,
              "y": 0.0,
              "z": 0.0,
              "w": 0.7071067867401511
            }
          }
        }
      },
      {
        "aruco_id": 3,
        "face_type": "front",
        "surface_normal": [
          0.0,
          0.9999999900000002,
          0.0
        ],
        "in_plane_rotation_deg": 180.0,
        "T_marker_to_object": {
          "position": {
            "x": 0.0,
            "y": -5.49778721992134e-10,
            "z": -0.035000000000000024
          },
          "rotation": {
            "roll": -1.5707963110869334,
            "pitch": 0.0,
            "yaw": 0.0,
            "quaternion": {
              "x": -0.7071067756329438,
              "y": 0.0,
              "z": 0.0,
              "w": 0.7071067867401511
            }
          }
        }
      },
      {
        "aruco_id": 4,
        "face_type": "bottom",
        "surface_normal": [
          0.0,
          0.0,
          -0.9999999900000002
        ],
        "in_plane_rotation_deg": 180.0,
        "T_marker_to_object": {
          "position": {
            "x": 0.0,
            "y": 1.285879080709011e-18,
            "z": -0.010499999523162842
          },
          "rotation": {
            "roll": 3.141592653589793,
            "pitch": 0.0,
            "yaw": 0.0,
            "quaternion": {
              "x": 1.0,
              "y": 0.0,
              "z": 0.0,
              "w": 6.123233995736766e-17
            }
          }
        }
      },
      {
        "aruco_id": 5,
        "face_type": "top",
        "surface_normal": [
          0.0,
          0.0,
          0.9999999900000002
        ],
        "in_plane_rotation_deg": 180.0,
        "T_marker_to_object": {
          "position": {
            "x": 0.0,
            "y": 0.0,
            "z": -0.010499999523162842
          },
          "rotation": {
            "roll": 0.0,
            "pitch": 0.0,
            "yaw": 0.0,
            "quaternion": {
              "x": 0.0,
              "y": 0.0,
              "z": 0.0,
              "w": 1.0
            }
          }
        }
      }
    ],
    "notes": "T_marker_to_object is the geometric transform (invariant). in_plane_rotation_deg is the marker rotation offset."
  }