{
  "object_name": "hex_red",
  "display_name": "Hex Red",
  "source_marker_id": 15,
  "object_thickness": 0.014015300273895264,
  "total_grasp_points": 4,
  "coordinate_frame": "cad_center",
  "grasp_points": [
    {
      "id": 1,
      "position": {
        "x": 0.0015781210750574247,
        "y": 0.0035404900716280107,
        "z": 0.0
      },
      "type": "center_point",
      "approach_vector": {
        "x": 0.0,
        "y": 0.0,
        "z": 1.0
      }
    },
    {
      "id": 2,
      "position": {
        "x": 2.1288627292960885e-05,
        "y": -0.010171943454984575,
        "z": 0.0
      },
      "type": "center_point",
      "approach_vector": {
        "x": 0.0,
        "y": 0.0,
        "z": 1.0
      }
    },
    {
      "id": 3,
      "position": {
        "x": 2.8721356415189803e-05,
        "y": 0.010855279507017696,
        "z": 0.0
      },
      "type": "center_point",
      "approach_vector": {
        "x": 0.0,
        "y": 0.0,
        "z": 1.0
      }
    },
    {
      "id": 4,
      "position": {
        "x": -0.0015418988343444656,
        "y": 0.0035003534169995697,
        "z": 0.0
      },
      "type": "center_point",
      "approach_vector": {
        "x": 0.0,
        "y": 0.0,
        "z": 1.0
      }
    }
  ],
  "wireframe": {
    "vertices": [
      [
        0.004028170108795165,
        -0.003499999940395404,
        0.007007650136947632
      ],
      [
        0.004546630084514617,
        -0.003499999940395404,
        0.0026249998807907106
      ],
      [
        0.008082889914512633,
        -0.003499999940395404,
        1.5330000314861537e-05
      ],
      [
        0.005071110129356384,
        -0.003499999940395404,
        0.001358799934387207
      ],
      [
        0.00524999976158142,
        -0.003499999940395404,
        0.0
      ],
      [
        -0.004054720103740693,
        -0.003499999940395404,
        0.006992319822311402
      ],
      [
        -8.673617379884035e-19,
        -0.003499999940395404,
        0.005249999761581421
      ],
      [
        0.0013587999343872064,
        -0.003499999940395404,
        0.005071110129356384
      ],
      [
        0.0026249998807907097,
        -0.003499999940395404,
        0.004546630084514618
      ],
      [
        -0.008082889914512633,
        -0.003499999940395404,
        -1.5330000314861537e-05
      ],
      [
        -0.004546630084514619,
        -0.003499999940395404,
        0.0026249998807907106
      ],
      [
        -0.0037123098969459537,
        -0.003499999940395404,
        0.0037123098969459533
      ],
      [
        -0.0026249998807907123,
        -0.003499999940395404,
        0.004546630084514618
      ],
      [
        -0.004028170108795167,
        -0.003499999940395404,
        -0.007007650136947632
      ],
      [
        -0.004546630084514619,
        -0.003499999940395404,
        -0.0026249998807907106
      ],
      [
        -0.005071110129356385,
        -0.003499999940395404,
        -0.001358799934387207
      ],
      [
        -0.005249999761581421,
        -0.003499999940395404,
        0.0
      ],
      [
        0.004054720103740691,
        -0.003499999940395404,
        -0.006992319822311402
      ],
      [
        -8.673617379884035e-19,
        -0.003499999940395404,
        -0.005249999761581421
      ],
      [
        -0.0013587999343872073,
        -0.003499999940395404,
        -0.005071110129356384
      ],
      [
        -0.0026249998807907123,
        -0.003499999940395404,
        -0.004546630084514618
      ],
      [
        0.004546630084514617,
        -0.003499999940395404,
        -0.0026249998807907106
      ],
      [
        0.003712309896945952,
        -0.003499999940395404,
        -0.0037123098969459533
      ],
      [
        0.0026249998807907097,
        -0.003499999940395404,
        -0.004546630084514618
      ],
      [
        -0.005071110129356385,
        -0.003499999940395404,
        0.001358799934387207
      ],
      [
        -0.0013587999343872073,
        -0.003499999940395404,
        0.005071110129356384
      ],
      [
        0.003712309896945952,
        -0.003499999940395404,
        0.0037123098969459533
      ],
      [
        0.005071110129356384,
        -0.003499999940395404,
        -0.001358799934387207
      ],
      [
        0.0013587999343872064,
        -0.003499999940395404,
        -0.005071110129356384
      ],
      [
        -0.0037123098969459537,
        -0.003499999940395404,
        -0.0037123098969459533
      ],
      [
        -0.004054720103740693,
        0.03500000000000003,
        0.006992319822311402
      ],
      [
        0.004028170108795165,
        0.03500000000000003,
        0.007007650136947632
      ],
      [
        -0.008082889914512633,
        0.03500000000000003,
        -1.5330000314861537e-05
      ],
      [
        -0.004028170108795167,
        0.03500000000000003,
        -0.007007650136947632
      ],
      [
        0.004054720103740691,
        0.03500000000000003,
        -0.006992319822311402
      ],
      [
        0.008082889914512633,
        0.03500000000000003,
        1.5330000314861537e-05
      ],
      [
        -0.005071110129356385,
        -0.03500000000000003,
        0.001358799934387207
      ],
      [
        -0.005249999761581421,
        -0.03500000000000003,
        0.0
      ],
      [
        -0.005071110129356385,
        -0.03500000000000003,
        -0.001358799934387207
      ],
      [
        -0.004546630084514619,
        -0.03500000000000003,
        -0.0026249998807907106
      ],
      [
        -0.0037123098969459537,
        -0.03500000000000003,
        -0.0037123098969459533
      ],
      [
        -0.0026249998807907123,
        -0.03500000000000003,
        -0.004546630084514618
      ],
      [
        -0.0013587999343872073,
        -0.03500000000000003,
        -0.005071110129356384
      ],
      [
        -8.673617379884035e-19,
        -0.03500000000000003,
        -0.005249999761581421
      ],
      [
        0.0013587999343872064,
        -0.03500000000000003,
        -0.005071110129356384
      ],
      [
        0.0026249998807907097,
        -0.03500000000000003,
        -0.004546630084514618
      ],
      [
        0.003712309896945952,
        -0.03500000000000003,
        -0.0037123098969459533
      ],
      [
        0.004546630084514617,
        -0.03500000000000003,
        -0.0026249998807907106
      ],
      [
        0.005071110129356384,
        -0.03500000000000003,
        -0.001358799934387207
      ],
      [
        0.00524999976158142,
        -0.03500000000000003,
        0.0
      ],
      [
        0.005071110129356384,
        -0.03500000000000003,
        0.001358799934387207
      ],
      [
        0.004546630084514617,
        -0.03500000000000003,
        0.0026249998807907106
      ],
      [
        0.003712309896945952,
        -0.03500000000000003,
        0.0037123098969459533
      ],
      [
        0.0026249998807907097,
        -0.03500000000000003,
        0.004546630084514618
      ],
      [
        0.0013587999343872064,
        -0.03500000000000003,
        0.005071110129356384
      ],
      [
        -8.673617379884035e-19,
        -0.03500000000000003,
        0.005249999761581421
      ],
      [
        -0.0013587999343872073,
        -0.03500000000000003,
        0.005071110129356384
      ],
      [
        -0.0026249998807907123,
        -0.03500000000000003,
        0.004546630084514618
      ],
      [
        -0.0037123098969459537,
        -0.03500000000000003,
        0.0037123098969459533
      ],
      [
        -0.004546630084514619,
        -0.03500000000000003,
        0.0026249998807907106
      ]
    ],