{
  "object_name": "line_brown_scaled70",
  "display_name": "Line Brown Scaled70",
  "source_marker_id": 22,
  "object_thickness": 0.025899999141693116,
  "total_grasp_points": 1,
  "coordinate_frame": "cad_center",
  "grasp_points": [
    {
      "id": 1,
      "position": {
        "x": -0.00010623046522960067,
        "y": 0.00010623046522960224,
        "z": 0.0
      },
      "type": "center_point",
      "approach_vector": {
        "x": 0.0,
        "y": 0.0,
        "z": 1.0
      }
    }
  ],
  "wireframe": {
    "vertices": [
      [
        0.012949999570846558,
        0.07,
        0.012949999570846558
      ],
      [
        -0.012949999570846558,
        0.07,
        0.012949999570846558
      ],
      [
        0.012949999570846558,
        0.0,
        0.012949999570846558
      ],
      [
        -0.012949999570846558,
        0.0,
        0.012949999570846558
      ],
      [
        0.012949999570846558,
        -0.07,
        0.012949999570846558
      ],
      [
        -0.012949999570846558,
        -0.07,
        0.012949999570846558
      ],
      [
        0.012949999570846558,
        0.07,
        -0.012949999570846558
      ],
      [
        0.012949999570846558,
        0.07,
        0.012949999570846558
      ],
      [
        0.012949999570846558,
        0.0,
        -0.012949999570846558
      ],
      [
        0.012949999570846558,
        0.0,
        0.012949999570846558
      ],
      [
        0.012949999570846558,
        -0.07,
        -0.012949999570846558
      ],
      [
        0.012949999570846558,
        -0.07,
        0.012949999570846558
      ],
      [
        -0.012949999570846558,
        0.07,
        -0.012949999570846558
      ],
      [
        0.012949999570846558,
        0.07,
        -0.012949999570846558
      ],
      [
        -0.012949999570846558,
        0.0,
        -0.012949999570846558
      ],
      [
        0.012949999570846558,
        0.0,
        -0.012949999570846558
      ],
      [
        -0.012949999570846558,
        -0.07,
        -0.012949999570846558
      ],
      [
        0.012949999570846558,
        -0.07,
        -0.012949999570846558
      ],
      [
        -0.012949999570846558,
        0.07,
        0.012949999570846558
      ],
      [
        -0.012949999570846558,
        0.07,
        -0.012949999570846558
      ],
      [
        -0.012949999570846558,
        0.0,
        0.012949999570846558
      ],
      [
        -0.012949999570846558,
        0.0,
        -0.012949999570846558
      ],
      [
        -0.012949999570846558,
        -0.07,
        0.012949999570846558
      ],
      [
        -0.012949999570846558,
        -0.07,
        -0.012949999570846558
      ],
      [
        -0.012949999570846558,
        0.07,
        0.012949999570846558
      ],
      [
        0.012949999570846558,
        0.07,
        0.012949999570846558
      ],
      [
        -0.012949999570846558,
        0.07,
        -0.012949999570846558
      ],
      [
        0.012949999570846558,
        0.07,
        -0.012949999570846558
      ],
      [
        -0.012949999570846558,
        -0.07,
        0.012949999570846558
      ],
      [
        -0.012949999570846558,
        -0.07,
        -0.012949999570846558
      ],
      [
        0.012949999570846558,
        -0.07,
        0.012949999570846558
      ],
      [
        0.012949999570846558,
        -0.07,
        -0.012949999570846558
      ]
    ],
    "edges": [
      [
        0,
        1
      ],
      [
        1,
        2
      ],
      [
        0,
        2
      ],
      [
        1,
        3
      ],
      [
        2,
        3
      ],
      [
        3,
        4
      ],
      [
        2,
        4
      ],
      [
        3,
        5
      ],
      [
        4,
        5
      ],
      [
        6,
        7
      ],
      [
        7,
        8
      ],
      [
        6,
        8
      ],
      [
        7,
        9
      ],
      [
        8,
        9
      ],
      [
        9,
        10
      ],
      [
        8,
        10
      ],
      [
        9,
        11
      ],
      [
        10,
        11
      ],
      [
        12,
        13
      ],
      [
        13,
        14
      ],
      [
        12,
        14
      ],
      [
        13,
        15
      ],
      [
        14,
        15
      ],
      [
        15,
        16
      ],
      [
        14,
        16
      ],
      [
        15,
        17
      ],
      [
        16,
        17
      ],
      [
        18,
        19
      ],
      [
        19,
        20
      ],
      [
        18,
        20
      ],
      [
        19,
        21
      ],
      [
        20,
        21
      ],
      [
        21,
        22
      ],
      [
        20,
        22
      ],
      [
        21,
        23
      ],
      [
        22,
        23
      ],
      [
        24,
        25
      ],
      [
        25,
        26
      ],
      [
        24,
        26
      ],
      [
        25,
        27
      ],
      [
        26,
        27
      ],
      [
        28,
        29
      ],
      [
        29,
        30
      ],
      [
        28,
        30
      ],
      [
        29,
        31
      ],
      [
        30,
        31
      ]
    ],
    "mesh_info": {
      "num_vertices": 32,
      "num_edges": 46,
      "num_triangles": 20,
      "bounding_box": {
        "min": [
          -1.2949999570846558,
          -7.0,
          -1.2949999570846558
        ],
        "max": [
          1.2949999570846558,
          7.0,
          1.2949999570846558
        ],
        "center": [
          0.0,
          0.0,
          0.0
        ],
        "size": [
          2.5899999141693115,
          14.0,
          2.5899999141693115
        ]
      },
      "has_normals": true,
      "has_colors": false,
      "is_watertight": false,
      "is_orientable": true
    }
  },
  "markers": [
    {
      "aruco_id": 18,
      "size": 0.021,
      "pose_absolute": {
        "position": {
          "x": -0.012949999570846558,
          "y": 0.0,
          "z": 0.0
        },
        "rotation": {
          "roll": 0.0,
          "pitch": 1.5707963267948966,
          "yaw": 0.0
        }
      }
    },
    {
      "aruco_id": 19,
      "size": 0.021,
      "pose_absolute": {
        "position": {
          "x": 0.012949999570846558,
          "y": 0.0,
          "z": 0.0
        },
        "rotation": {
          "roll": 0.0,
          "pitch": -1.5707963267948966,
          "yaw": 0.0
        }
      }
    },
    {
      "aruco_id": 20,
      "size": 0.021,
      "pose_absolute": {
        "position": {
          "x": 0.0,
          "y": -0.07,
          "z": 0.0
        },
        "rotation": {
          "roll": -1.5707963267948966,
          "pitch": 0.0,
          "yaw": 0.0
        }
      }
    },
    {
      "aruco_id": 21,
      "size": 0.021,
      "pose_absolute": {
        "position": {
          "x": 0.0,
          "y": 0.07,
          "z": 0.0
        },
        "rotation": {
          "roll": 1.5707963267948966,
          "pitch": 0.0,
          "yaw": 0.0
        }
      }
    },
    {
      "aruco_id": 22,
      "size": 0.021,
      "pose_absolute": {
        "position": {
          "x": 0.0,
          "y": 0.0,
          "z": -0.012949999570846558
        },
        "rotation": {
          "roll": 0.0,
          "pitch": 0.0,
          "yaw": 0.0
        }
      }
    },
    {
      "aruco_id": 23,
      "size": 0.021,
      "pose_absolute": {
        "position": {
          "x": 0.0,
          "y": 0.0,
          "z": 0.012949999570846558
        },
        "rotation": {
          "roll": 3.141592653589793,
          "pitch": 0.0,
          "yaw": 0.0
        }
      }
    }
  ]
}