{
  "object_name": "line_green",
  "display_name": "Line Green",
  "source_marker_id": 15,
  "object_thickness": 0.025899999141693116,
  "total_grasp_points": 1,
  "coordinate_frame": "cad_center",
  "grasp_points": [
    {
      "id": 1,
      "position": {
        "x": 0.00010623046522960067,
        "y": -0.00010623046522959908,
        "z": 0.0
      },
      "type": "center_point",
      "approach_vector": {
        "x": 0.0,
        "y": 0.0,
        "z": 1.0
      }
    }
  ],
  "wireframe": {
    "vertices": [
      [
        -0.012949999570846558,
        -0.07,
        -0.012949999570846558
      ],
      [
        0.012949999570846558,
        -0.07,
        -0.012949999570846558
      ],
      [
        -0.012949999570846558,
        -0.07,
        0.012949999570846558
      ],
      [
        0.012949999570846558,
        -0.07,
        0.012949999570846558
      ],
      [
        -0.012949999570846558,
        0.07,
        -0.012949999570846558
      ],
      [
        -0.012949999570846558,
        0.0,
        -0.012949999570846558
      ],
      [
        -0.012949999570846558,
        0.07,
        0.012949999570846558
      ],
      [
        -0.012949999570846558,
        0.0,
        0.012949999570846558
      ],
      [
        0.012949999570846558,
        0.07,
        -0.012949999570846558
      ],
      [
        0.012949999570846558,
        0.07,
        0.012949999570846558
      ],
      [
        0.012949999570846558,
        0.0,
        -0.012949999570846558
      ],
      [
        0.012949999570846558,
        0.0,
        0.012949999570846558
      ]
    ],
    "edges": [
      [
        0,
        1
      ],
      [
        1,
        2
      ],
      [
        0,
        2
      ],
      [
        1,
        3
      ],
      [
        2,
        3
      ],
      [
        4,
        5
      ],
      [
        5,
        6
      ],
      [
        4,
        6
      ],
      [
        5,
        7
      ],
      [
        6,
        7
      ],
      [
        0,
        5
      ],
      [
        0,
        7
      ],
      [
        2,
        7
      ],
      [
        4,
        8
      ],
      [
        4,
        9
      ],
      [
        8,
        9
      ],
      [
        6,
        9
      ],
      [
        1,
        10
      ],
      [
        3,
        10
      ],
      [
        10,
        11
      ],
      [
        3,
        11
      ],
      [
        8,
        10
      ],
      [
        8,
        11
      ],
      [
        9,
        11
      ],
      [
        3,
        7
      ],
      [
        7,
        11
      ],
      [
        6,
        11
      ],
      [
        5,
        8
      ],
      [
        5,
        10
      ],
      [
        0,
        10
      ]
    ],
    "mesh_info": {
      "num_vertices": 12,
      "num_edges": 30,
      "num_triangles": 20,
      "bounding_box": {
        "min": [
          -0.012949999570846558,
          -0.07,
          -0.012949999570846558
        ],
        "max": [
          0.012949999570846558,
          0.07,
          0.012949999570846558
        ],
        "center": [
          -2.8912057932946783e-19,
          0.0,
          0.0
        ],
        "size": [
          0.025899999141693116,
          0.14,
          0.025899999141693116
        ]
      },
      "has_normals": true,
      "has_colors": false,
      "is_watertight": true,
      "is_orientable": true
    }
  },
  "markers": [
    {
      "aruco_id": 10,
      "size": 0.021,
      "pose_absolute": {
        "position": {
          "x": -0.012949999570846558,
          "y": 0.0,
          "z": 0.0
        },
        "rotation": {
          "roll": 0.0,
          "pitch": -1.5707963267948966,
          "yaw": 0.0
        }
      }
    },
    {
      "aruco_id": 11,
      "size": 0.021,
      "pose_absolute": {
        "position": {
          "x": 0.012949999570846558,
          "y": 0.0,
          "z": 0.0
        },
        "rotation": {
          "roll": 0.0,
          "pitch": 1.5707963267948966,
          "yaw": 0.0
        }
      }
    },
    {
      "aruco_id": 12,
      "size": 0.021,
      "pose_absolute": {
        "position": {
          "x": 0.0,
          "y": -0.07,
          "z": 0.0
        },
        "rotation": {
          "roll": 1.5707963267948966,
          "pitch": 0.0,
          "yaw": 0.0
        }
      }
    },
    {
      "aruco_id": 13,
      "size": 0.021,
      "pose_absolute": {
        "position": {
          "x": 0.0,
          "y": 0.07,
          "z": 0.0
        },
        "rotation": {
          "roll": -1.5707963267948966,
          "pitch": 0.0,
          "yaw": 0.0
        }
      }
    },
    {
      "aruco_id": 14,
      "size": 0.021,
      "pose_absolute": {
        "position": {
          "x": 0.0,
          "y": 0.0,
          "z": -0.012949999570846558
        },
        "rotation": {
          "roll": 3.141592653589793,
          "pitch": 0.0,
          "yaw": 0.0
        }
      }
    },
    {
      "aruco_id": 15,
      "size": 0.021,
      "pose_absolute": {
        "position": {
          "x": 0.0,
          "y": 0.0,
          "z": 0.012949999570846558
        },
        "rotation": {
          "roll": 0.0,
          "pitch": 0.0,
          "yaw": 0.0
        }
      }
    }
  ]
}